SOC,153.0,183.0,108.0,151.0,147.0,117.0,80.0,261.0,250.0,109.0,104.0,69.0,72.0,125.0,130.0,112.0,149.0,129.0,137.0,150.0,198.0,140.0,262.0,190.0,175.0,197.0,207.0,172.0,113.0,106.0,119.0,210.0,102.0,83.0,126.0,79.0,232.0,116.0,90.0,84.0,99.0,93.0,89.0,88.0,57.0,122.0,74.0,86.0,246.0,158.0,145.0,45.0,100.0,75.0,nan
20,0.004705882352941169,0.004480874316939892,0.006666666666666656,0.006035211267605629,0.005379310344827581,0.005614035087719287,0.010624999999999973,0.003590733590733576,0.0040650406504065045,0.007777777777777777,0.00865384615384614,0.004516129032258068,0.009275362318840562,0.008319327731092424,0.005476190476190472,0.0063063063063063,0.003845637583892608,0.004651162790697672,0.004379562043795618,0.0049664429530201235,0.0058376963350785255,0.0055507246376811465,0.003604651162790683,0.0048947368421052425,0.004685714285714287,0.004096446700507607,0.005284313725490193,0.005329411764705875,0.005309734513274333,0.008666666666666668,0.007384615384615391,0.00403365384615384,0.010673267326732667,0.008641975308641966,0.004920634920634915,0.01078266666666669,0.003534482758620691,0.007565217391304356,0.006999999999999989,0.007710843373493962,0.005208333333333333,0.0067777777777777715,0.008275862068965504,0.006896551724137927,0.013695652173913022,0.0060655737704917905,0.010724637681159398,0.0059999999999999975,0.0040650406504065045,0.006329113924050633,0.006102564102564106,0.01181818181818181,0.005499999999999989,0.005999999999999991,nan
21,0.009442724458204332,0.009011261057271385,0.013395638629283484,0.012028218260612619,0.010685432793807181,0.01122807017543859,0.02138449367088602,0.0071814671814671655,0.008065040650406505,0.015555555555555553,0.017307692307692316,0.008960573476702517,0.01855072463768115,0.01656932773109244,0.010866815476190467,0.01255630630630631,0.00774359676756608,0.009338662790697668,0.008857173984094123,0.009932885906040271,0.011644988001745203,0.011061516004587634,0.0071953847535242725,0.009815371762740163,0.009425598678777873,0.008555010236419221,0.010568627450980403,0.01065882352941175,0.010619469026548665,0.017333333333333336,0.014769230769230783,0.008048007913139496,0.02134653465346537,0.017283950617283952,0.010002602133749677,0.021565333333333332,0.0071309739866908676,0.015130434782608712,0.013999999999999978,0.015421686746987944,0.010416666666666666,0.013555555555555543,0.016551724137931028,0.013714733542319741,0.027391304347826044,0.01213114754098361,0.021296066252587998,0.01193023255813953,0.008130081300813009,0.01269854067564299,0.01195502311895755,0.02363636363636362,0.010999999999999979,0.012000000000000004,nan
22,0.014242724458204348,0.013566816612826943,0.020252781486426365,0.01802122525361963,0.016027898547231845,0.01679328756674294,0.03242345470984708,0.010758390258390241,0.012065040650406506,0.023261977573904177,0.025961538461538456,0.013405017921146966,0.027826086956521737,0.024819327731092425,0.016174507783882786,0.01880630630630632,0.011695320905497117,0.014063072239516576,0.013402628529548679,0.014899328859060396,0.01745227966841186,0.016612240642268808,0.01080003591631497,0.014762180273378459,0.01424912809054258,0.013013573772330814,0.01582716403634627,0.015988235294117647,0.016024874431954085,0.026000000000000002,0.022153846153846173,0.012062361980125134,0.03201980198019807,0.025925925925925943,0.015256839421885264,0.03234800000000002,0.010791688272405155,0.022695652173913068,0.020999999999999987,0.02313253012048193,0.015625,0.020333333333333335,0.024827586206896575,0.020532915360501575,0.041086956521739104,0.0181967213114754,0.03171860146385558,0.017860465116279062,0.012211713953874234,0.019150153578868796,0.017621689785624207,0.03545454545454547,0.016499999999999987,0.017999999999999995,nan
23,0.01910758932306923,0.018199584974408864,0.027109924343569246,0.02401423224662662,0.021444565213898495,0.022358504958047278,0.04375678804318039,0.014335313335313318,0.016065040650406506,0.0309683995922528,0.034615384615384596,0.0178494623655914,0.0371014492753623,0.03306932773109241,0.022122783645951747,0.025056306306306314,0.015647045043428155,0.01882497700142132,0.01801801314493328,0.019865771812080518,0.023229481740950714,0.02212303200917527,0.014376958993238046,0.019708988784016754,0.01931085648560431,0.01744763970639674,0.02108570062171212,0.02131764705882352,0.02147941988649952,0.03458490566037736,0.029538461538461565,0.016057600075363224,0.04269306930693074,0.034567901234567905,0.020648143769711344,0.043130666666666664,0.014553156162313414,0.030260869565217393,0.027999999999999976,0.03084337349397589,0.02077963917525773,0.027187265917602992,0.03310344827586212,0.027351097178683368,0.05478260869565213,0.02426229508196719,0.04214113667512316,0.023790697674418593,0.016310074609611938,0.025601766482094602,0.023030780694715106,0.04727272727272728,0.021999999999999978,0.023999999999999987,nan
24,0.02403909617238429,0.02288529926012315,0.03403300126664616,0.030007239239633606,0.02682387555872609,0.02792372234935163,0.055243274529666896,0.017912236412236392,0.020065040650406506,0.03867482161060142,0.04326923076923074,0.02229390681003585,0.046376811594202885,0.0413193277310924,0.027872783645951756,0.031306306306306306,0.019654038050421166,0.02362497700142132,0.02266917593563095,0.024799105145413843,0.029006683813489566,0.027594460580603827,0.01795388207016112,0.024708988784016752,0.024500729903325833,0.021881705640462667,0.026344237207077972,0.026647058823529416,0.02698400704246282,0.043169811320754724,0.03686049543676663,0.020052838170601314,0.05336633663366341,0.043209876543209874,0.02623372935529692,0.053913333333333355,0.018402921420529378,0.037826086956521746,0.03499999999999998,0.03855421686746987,0.025934278350515462,0.03404119850187265,0.04137931034482762,0.034169278996865185,0.06847826086956518,0.03032786885245898,0.052563671886390745,0.029720930232558125,0.020408435265349644,0.03205337938532041,0.028359138903670318,0.05909090909090909,0.027499999999999986,0.029999999999999978,nan
25,0.02900461341376359,0.027625183653186735,0.04095607818972307,0.036000246232640594,0.032476049471769575,0.03348893974065598,0.06704883008522247,0.02147545480304099,0.024065040650406506,0.04638124362895005,0.05192307692307692,0.026668906810035854,0.05565217391304347,0.04956932773109241,0.0335285213508698,0.0375563063063063,0.023717867837655213,0.028463686678840687,0.02739358538444986,0.029732438478747188,0.03478388588602844,0.033105251947510315,0.021517100460965718,0.02970898878401675,0.02982540522800116,0.02629154170603645,0.031577246915815836,0.031976470588235315,0.032539562598018386,0.051754716981132085,0.04418252933507172,0.024491991609754765,0.06403960396039607,0.051746461909063526,0.031921802749792345,0.06469600000000005,0.022326366396605936,0.0453913043478261,0.04199999999999997,0.04626506024096385,0.031088917525773193,0.040895131086142324,0.04965517241379312,0.04098746081504702,0.08217391304347821,0.0363934426229508,0.06284144966416855,0.03565116279069766,0.02461011593761855,0.0385468858788269,0.03360913890367034,0.0709090909090909,0.032999999999999995,0.03599999999999999,nan
26,0.03400461341376361,0.032448713064951444,0.04801490171913486,0.041993253225647585,0.0380079643653866,0.03905415713196034,0.07902066107113799,0.0250386731938456,0.028065040650406506,0.054087665647298666,0.0605769230769231,0.031043906810035857,0.06492753623188406,0.05775114591291061,0.03909303747990207,0.043806306306306324,0.027840169995928598,0.03330239635626007,0.032155490146354646,0.03466577181208053,0.04053130856644082,0.03857668051893887,0.02508031885177033,0.0347360158110438,0.03532876093269915,0.0309294727405192,0.036784976384414886,0.037274716202270415,0.038199939956508985,0.060339622641509445,0.05150456323337681,0.0294860392288024,0.07471287128712877,0.06028304727491722,0.03771619527315684,0.07547866666666674,0.026642155870290146,0.05289130434782611,0.048999999999999995,0.05397590361445783,0.036190958342099726,0.04774906367041202,0.057931034482758666,0.047805642633228874,0.0958695652173913,0.04245901639344262,0.07311922744194635,0.041581395348837216,0.028883620211122826,0.0450828335912452,0.03874582955115237,0.08272727272727275,0.03855555555555556,0.042,nan
27,0.03918446952887154,0.037418410034648415,0.05514361459042201,0.0479862602186546,0.0435793929368152,0.04461937452326469,0.09099249205705351,0.028729149384321803,0.03206504065040652,0.06179408766564732,0.06923076923076928,0.03541890681003587,0.07420289855072465,0.0659329640947288,0.04494049510702072,0.05005630630630635,0.03202265174775343,0.038180445136747884,0.03695549014635466,0.03973426496276548,0.0462787312468532,0.04404810909036746,0.028629937172381027,0.039817983024158565,0.04094519928886353,0.03554090131194779,0.041992705853013935,0.04254215806273554,0.043860317314999564,0.06892452830188683,0.058826597131681896,0.0343639462055466,0.08538613861386146,0.06881963264077091,0.043565251876930465,0.08626133333333343,0.03132787015600443,0.06045652173913049,0.05599999999999998,0.06168674698795181,0.041292999158426276,0.05452684144818983,0.06611285266457688,0.05462382445141071,0.10956521739130433,0.04852459016393444,0.08354176265321399,0.04751162790697677,0.033288906554735175,0.05170535014753662,0.04373883654415938,0.09454545454545464,0.04428472222222225,0.048000000000000015,nan
28,0.04436432564397945,0.04254341003464839,0.062343614590422,0.05393764910754348,0.04911130783043221,0.05018459191456901,0.10313534919991062,0.032419625574797994,0.03606504065040651,0.06950050968399595,0.07788461538461541,0.03972659911772817,0.08334575569358176,0.07404771819308945,0.05064297444586368,0.05636261261261262,0.03623588704187108,0.04309847792363311,0.04175549014635464,0.04473426496276547,0.05202615392726558,0.049519537661796016,0.032179555492991715,0.04489995023727332,0.046719847176187455,0.04015232988337635,0.04720043532161295,0.04780959992320065,0.04962954808423031,0.07750943396226416,0.06614863102998696,0.039270378954084584,0.09605940594059409,0.07735621800662452,0.04958466935265863,0.09704400000000007,0.036238049796722974,0.06802173913043481,0.06299999999999997,0.06939759036144576,0.04639503997475279,0.0613046192259676,0.07429467084639504,0.0614420062695925,0.12326086956521735,0.054590163934426235,0.09396429786448157,0.05351162790697677,0.03779341105923966,0.05832786670382799,0.04869716987749268,0.10636363636363641,0.050135786052009475,0.05408108108108109,nan
29,0.04961980009653419,0.04779982029105863,0.06961634186314926,0.05988903799643236,0.0550203987395231,0.055749809305873366,0.11545418977962078,0.03611010176527418,0.040065040650406517,0.07883384301732928,0.08653846153846155,0.044034291425420494,0.0924886128364389,0.08216247229145009,0.05625273054342464,0.06266891891891892,0.04054415771856281,0.048057155609583534,0.04659419982377401,0.04976827856820763,0.05777357660767793,0.0549909662332246,0.035729173813602404,0.049954298063360277,0.052619127751727,0.04495590131194777,0.05240816479021198,0.053077041783665756,0.0555119010254068,0.08617610062893083,0.07347066492829202,0.044514128954084575,0.10673267326732676,0.08589280337247818,0.055723283214044746,0.10782666666666671,0.041207746766419924,0.07558695652173913,0.06999999999999997,0.07701663798049338,0.05149708079107932,0.0680079159292643,0.08247648902821321,0.06826018808777434,0.13695652173913037,0.06065573770491803,0.10438683307574916,0.05958305647840534,0.04240170599011524,0.06499453337049466,0.053655503210826,0.11818181818181822,0.0561140469215747,0.060245464642724914,nan
30,0.054913917743593006,0.05323028386721755,0.07696328063865945,0.06584042688532124,0.060798176517300885,0.06131502669717772,0.1279541897796208,0.040760101765274184,0.04406504065040652,0.08816717635066261,0.09519230769230769,0.04834198373311279,0.10163146997929605,0.09027722638981076,0.06215016644086055,0.06903255528255528,0.0449182035200895,0.053057155609583545,0.051472248604261826,0.054802292173649826,0.06349152532562662,0.06046239480465316,0.03940506314166564,0.05514982878961726,0.05864853951643286,0.049759472740519194,0.05766670137557781,0.05834448364413086,0.06145249508481275,0.0950110520852415,0.0807926988265971,0.04999778908480352,0.11740594059405939,0.09442938873833183,0.06192328321404472,0.11860933333333334,0.04620774676641991,0.08315217391304346,0.077,0.084635685599541,0.05659912160740585,0.074638350711873,0.09065830721003137,0.07576018808777436,0.15065217391304347,0.06672131147540984,0.11466461085352696,0.06565448504983391,0.04711868712219071,0.07175129012725141,0.058579641141860476,0.13000000000000006,0.06215800296553075,0.0664954646427249,nan
31,0.06028705207195121,0.05880851515973456,0.08431021941416965,0.07179181577421012,0.06653347063494795,0.06683226807648807,0.14045418977962076,0.0454101017652742,0.048081104907434634,0.09750050968399594,0.10384615384615387,0.052649676040805116,0.1107743271221532,0.0983919804881714,0.06790016644086055,0.07539619164619167,0.04936006398520579,0.058099172416306216,0.05639028139114705,0.05980229217364982,0.06920947404357534,0.06689936959456914,0.043066480464500304,0.06040406607775287,0.06481395305026745,0.054563044169090615,0.06305670137557783,0.06361192550459598,0.0675131011454188,0.10393262071269249,0.0881147327249022,0.055666708003722455,0.12807920792079208,0.10296597410418552,0.06824981382628963,0.12939200000000003,0.05117744373611688,0.0907173913043478,0.08399999999999999,0.09294737391122931,0.0616496266579109,0.08126878549448169,0.0987481948504808,0.08729864962623586,0.1643478260869565,0.07278688524590163,0.12508714606479454,0.07179906336308692,0.05197305605422954,0.07850804688400817,0.06353797447519383,0.14181818181818187,0.06833777824642963,0.07274546464272492,nan
32,0.06574159752649668,0.06450295960417902,0.09173289982654081,0.07774320466309903,0.07226876475259503,0.07234950945579842,0.1531407569437999,0.0500601017652742,0.05216273756049586,0.10683384301732932,0.11250000000000004,0.05695736834849741,0.11991718426501034,0.10650673458653206,0.07360264577970355,0.08175982800982806,0.05390768303282484,0.06327158620940967,0.061348959077097476,0.06480229217364983,0.07492742276152407,0.07333634438448512,0.04689364095832746,0.06581104282193892,0.07112164535795978,0.05967063910579949,0.0685567013755778,0.0688793673650611,0.07382889061910301,0.11285418934014348,0.09543676662320728,0.06153384087085534,0.1387524752475247,0.11150255947003922,0.07464156640360922,0.13989459740259746,0.056177443736116904,0.09828260869565217,0.09100000000000003,0.10125906222291764,0.0680598830681673,0.08789922027709042,0.10683808249093026,0.09906335550858883,0.1780434782608696,0.07885245901639344,0.13536492384257234,0.07801857555820889,0.05694818043233899,0.0854045986081461,0.06849630780852717,0.15363636363636368,0.07458777824642963,0.07908349281173903,nan
33,0.07132299287533388,0.07031856244105848,0.09923289982654081,0.08369459355198794,0.0781334264067304,0.07786675083510877,0.1660195448225878,0.0547101017652742,0.05640002569608908,0.11616717635066269,0.12115384615384622,0.06126506065618974,0.1290600414078675,0.11455551507433696,0.07950008167713946,0.08818184635845192,0.05852865077476033,0.06848897751375752,0.06639097588382017,0.06980229217364982,0.08061619827172817,0.0797733191744011,0.05070511636816352,0.07131400140182058,0.07752789535795981,0.06465212058728098,0.07414219360355709,0.07414680922552626,0.08014468009278723,0.12204610853206267,0.10275880052151237,0.06774865568567016,0.14942574257425742,0.12003914483589287,0.08109989973694257,0.1503971948051949,0.061147140705813896,0.10584782608695653,0.09800000000000006,0.10957075053460597,0.07447013947842372,0.09452965505969915,0.11492797013137968,0.1108280613909418,0.19173913043478272,0.08491803278688523,0.14578745905383994,0.0843148718545052,0.06205022124866552,0.09230115033228403,0.07345464114186051,0.1654545454545455,0.08098312708363899,0.08542152098075313,nan
34,0.07703727858961958,0.07626059142656573,0.10689247429462591,0.08964598244087679,0.08399808806086573,0.0833839922144191,0.17909646789951084,0.05936010176527418,0.060766837923163314,0.125500509683996,0.12980769230769232,0.06557275296388204,0.1382028985507246,0.12260429556214186,0.08529840100487053,0.09460386470707577,0.06326418796484294,0.07375213540849437,0.07143299269054287,0.07480229217364981,0.08630497378193226,0.08615665250773442,0.05451659177799957,0.07698473310913763,0.08398458827134564,0.06963360206876243,0.07990689948591001,0.07944505483956137,0.0865276588161915,0.13162505590048368,0.1100808344198174,0.07430334318567013,0.16009900990099005,0.1285757302017465,0.08762621552641627,0.16089979220779232,0.06611683767551087,0.1134130434782609,0.10500000000000001,0.11788243884629424,0.08088039588868014,0.10116008984230784,0.1230178577718291,0.12259276727329477,0.20279176201373,0.09098360655737701,0.1560652368316177,0.09068987185450518,0.06728582334290636,0.09924559477672848,0.07844764813486749,0.1772727272727273,0.08745371531893312,0.09175954914976718,nan
35,0.08279727858961956,0.08229000319127161,0.11455204876271101,0.09559737132976567,0.09013982034433028,0.08890123359372945,0.19258853139157428,0.06401010176527418,0.06533304796882541,0.13483384301732934,0.13846153846153847,0.06988044527157435,0.14734575569358174,0.13065307604994675,0.09104840100487054,0.10102588305569962,0.06807931401526308,0.07910927826563721,0.07651773845325471,0.07976873512666996,0.09196487225908963,0.09253998584106775,0.05832806718783563,0.08276113062466557,0.0905974914971521,0.0745845223141612,0.0857025984106412,0.08474330045359645,0.09304939794662626,0.14130590696431344,0.1174028683181225,0.08112448139705225,0.17077227722772276,0.13711231556760015,0.09429288219308295,0.17140238961038967,0.07108653464520784,0.12097826086956526,0.112,0.12619412715798256,0.08729065229893655,0.10771922962725407,0.13110774541227851,0.13435747315564767,0.21384439359267735,0.09704918032786883,0.1663430146093955,0.09714556805703681,0.07263341692579406,0.10628784829785524,0.08362156117834577,0.18909090909090912,0.09400133436655217,0.09809757731878126,nan
36,0.08869891793388185,0.08845541672510619,0.12221162323079611,0.10154876021865453,0.09623357034433029,0.0944184749730398,0.20608059488363772,0.06863696743691597,0.07002788364957659,0.14416717635066267,0.14719940253920835,0.07418813757926665,0.1564886128364389,0.13870185653775163,0.09704840100487054,0.1075073645371811,0.07301896918767688,0.08456382372018265,0.08169015224635814,0.08473517807969008,0.097624770736247,0.09892331917440107,0.062139542597671696,0.08864720657403266,0.09731880297256194,0.07969211725087005,0.0915612940628151,0.09007271221830232,0.09964280454003283,0.15109085320087262,0.12472490221642758,0.08835724001774192,0.18134090467870312,0.14564890093345378,0.10110606900626977,0.18190498701298705,0.076376857225853,0.1285434782608696,0.119,0.13439925536311076,0.09370090870919297,0.11427836941220029,0.13919763305272795,0.14612217903800057,0.2248970251716247,0.10316488280720766,0.17662079238717324,0.10368402959549837,0.07818897248134961,0.11343070544071239,0.08894991938730101,0.20064646464646466,0.10062784039064857,0.10443560548779533,nan
37,0.09469891793388184,0.0946675379372274,0.12995355871466707,0.10745910504624076,0.10284373983585572,0.09988856044312527,0.21957265837570117,0.07483696743691601,0.0748125726447919,0.15350050968399603,0.15611029362831733,0.07849582988695897,0.16563146997929604,0.14675063702555646,0.10299667686693949,0.1139888460186626,0.07804528497715056,0.09006841087614596,0.08690754355070598,0.09002089236540438,0.10328466921340433,0.1053066525077344,0.06593546096501866,0.09464720657403271,0.10415213630589527,0.08479971218757891,0.09745200444532878,0.09546556936115945,0.10661954872607936,0.16087579943743172,0.13204693611473264,0.09598451274501464,0.19190953212968354,0.15408263587321286,0.10799495789515863,0.19240758441558448,0.08184352389251967,0.13610869565217398,0.12600000000000003,0.14260438356823896,0.10011116511944938,0.12083750919714652,0.14728752069317738,0.15788688492035352,0.2359496567505721,0.10933154947387434,0.18689857016495104,0.11030740621887497,0.0838386899954739,0.12062495004502893,0.09435901029639192,0.21220202020202028,0.10733515746381926,0.11077363365680945,nan
38,0.10085276408772802,0.1010737879372274,0.13769549419853808,0.11336944987382697,0.10929002082759126,0.10535864591321074,0.23328233579505603,0.080995907834267,0.07973868101917612,0.16283384301732934,0.16502118471742622,0.08280352219465127,0.17477432712215318,0.15479941751336135,0.1088941127643754,0.12047032750014408,0.08316135640572199,0.09562396643170153,0.09221727806398033,0.09523215997103818,0.1089445676905617,0.11163723102013111,0.0697313793323656,0.10076562762666429,0.11110128884826816,0.08990730712428778,0.10340780555030117,0.10085842650401658,0.11359629291212589,0.1706607456739909,0.13936897001303777,0.10405182043732236,0.20258279945641625,0.16272461118185483,0.1150404124406132,0.2029101818181819,0.08745996224868406,0.14367391304347832,0.133,0.15080951177336716,0.10644027904350002,0.12739664898209274,0.15537740833362684,0.16965159080270648,0.24700228832951945,0.1156027359145523,0.19703555646632087,0.11701793253466447,0.08961903681628315,0.12787132685662314,0.09993713529639194,0.22375757575757582,0.11412528092060939,0.11711166182582353,nan
39,0.10711363365294543,0.10753048085061326,0.14552158115505984,0.11927979470141317,0.11568346345054209,0.11082873138329621,0.24721676202456425,0.08719590783426699,0.08481482315115582,0.1721671763506627,0.1743961847174262,0.0871112145023436,0.18391718426501033,0.1627832884811033,0.11474157039149405,0.12695180898162556,0.08841823713966698,0.1012843437901921,0.0975744209211232,0.10044342757667199,0.11457588082187484,0.11796780953252785,0.07352729769971254,0.10692456802401527,0.11817025436550957,0.09551147379095444,0.10939669443919008,0.10625128364687375,0.12073915005498305,0.18044569191055,0.14669100391134282,0.11261304492711827,0.21325606678314896,0.1713665864904968,0.1221668492222224,0.21341277922077934,0.09323461013600803,0.1512391304347827,0.14000000000000004,0.15901463997849535,0.11276939296755066,0.133955788767039,0.1634672959740763,0.18141629668505943,0.25805491990846685,0.12192752223933863,0.20731333424409867,0.12372845885045397,0.0955714177686641,0.13517059692961583,0.10564913529639193,0.23531313131313136,0.1210002809206094,0.1234496899948376,nan
40,0.11354220508151686,0.11409048085061325,0.15334766811158157,0.12519013952899938,0.12240760138157655,0.11629881685338166,0.26138342869123093,0.09339590783426695,0.09005042524539666,0.181500509683996,0.18417879341307836,0.09141890681003591,0.19293126877205255,0.17076715944884518,0.12090228467720832,0.1334938650563919,0.09377337732658284,0.10705357455942285,0.10302896637566863,0.10749104662429103,0.12020719395318794,0.1242983880449245,0.07732321606705946,0.11320835180779901,0.12536323682164993,0.10111564045762107,0.11545287421447095,0.1116764333474725,0.12788200719784015,0.19023063814710908,0.15401303780964787,0.12183282514689847,0.22392933410988158,0.18000856179913877,0.12946096686928119,0.2248029200658498,0.09922001159586205,0.15880434782608704,0.14700000000000002,0.16721976818362352,0.1190985068916013,0.14051492855198525,0.17164911415589448,0.19318100256741233,0.2691075514874142,0.12825230856412495,0.2174503205454685,0.130528458850454,0.10170638709381748,0.14252353810608642,0.11150159431278539,0.2468686868686869,0.12796230623706506,0.12987826142340902,nan
41,0.12008765962697139,0.12075714751727992,0.1611737550681033,0.13110048435658558,0.12901777087310196,0.12318053728348918,0.27603860110502393,0.09955484823161789,0.09551490611971361,0.19083384301732936,0.19396140210873053,0.09572659911772821,0.2019453532790948,0.17875103041658708,0.1269549162561557,0.14003592113115826,0.09933648412269934,0.11287881727786944,0.10853355353163192,0.11453866567191007,0.1261380450170177,0.13062896655732117,0.08110370387193748,0.11962214491124723,0.1326846653930785,0.1067198071242877,0.12154326969469692,0.1171342646727737,0.1354769439067009,0.20045535724823263,0.161335071707953,0.13158863910038682,0.2346026014366142,0.18865053710778074,0.13693084638735345,0.2350396289266093,0.10543213280798326,0.16636956521739138,0.154,0.17542489638875175,0.12542762081565192,0.14707406833693143,0.17992497622485998,0.20494570844976523,0.2801601830663616,0.13457709488891126,0.22772809832324625,0.13742035074234588,0.1079956952699181,0.14993094551349384,0.11755244177041249,0.25842424242424245,0.13510516337992218,0.13630683285198045,nan
42,0.1267543262936381,0.12759048085061325,0.16908584298019125,0.1370108291841718,0.1359204257403586,0.13006225771359672,0.2906937735188169,0.10571378862896888,0.1011328836478035,0.20016717635066267,0.20374401080438276,0.10003429142542052,0.21095943778613707,0.18667103041658709,0.13290319211822466,0.1465779772059246,0.10500975144943202,0.1188194113372754,0.11414103016714595,0.12158628471952913,0.1320688960808475,0.13695954506971786,0.08488419167681553,0.12608047824458057,0.14013921084762396,0.11232397379095439,0.12770326969469695,0.12262517376368279,0.14307188061556167,0.21141921266991942,0.16865710560625807,0.14207613910038688,0.24527586876334692,0.1972925124164227,0.14449182199710955,0.2452763377873688,0.11183838280798326,0.17393478260869571,0.16099999999999998,0.18363002459387995,0.13175673473970256,0.15370450311954012,0.18820083829382553,0.21671041433211818,0.29121281464530896,0.14101187749760694,0.23786508462461614,0.14431224263423775,0.11440595168017452,0.15744974250597504,0.12365500587297658,0.269979797979798,0.1423420054851853,0.14273540428055193,nan
43,0.13361146915078093,0.13453963339298614,0.17699793089227914,0.14288069219787042,0.14301133483126768,0.1368707683518946,0.30560605422057135,0.11187272902631987,0.10694683713617559,0.20950050968399603,0.21458738429835864,0.10434198373311285,0.21997352229317935,0.1945910304165871,0.13911940833444086,0.15318175079083027,0.1107976302373108,0.12481941133727538,0.1198014075256365,0.1286339037671482,0.13882647183842325,0.14519610420950285,0.08866467948169358,0.13262977401922846,0.14780276224949312,0.11792814045762108,0.13389867199354755,0.12814956400758523,0.15107188061556165,0.22293820001169154,0.1759791395045632,0.15326280576705353,0.25594913609007963,0.20593448772506467,0.1521461429847639,0.25551304664812824,0.11845128603378972,0.1815000000000001,0.16799999999999995,0.19183515279900815,0.1380858486637532,0.16040779982283682,0.19647670036279102,0.22847512021447108,0.30226544622425633,0.14756055006397864,0.24814286240239394,0.15129854400410078,0.12098489904859558,0.1650255000817326,0.12997358994377306,0.2815353535353535,0.14967533881851863,0.149073432449566,nan
44,0.14060176041291683,0.14154818040153314,0.18499793089227912,0.1487505552115691,0.15016729813402,0.14367927899019248,0.3207846256491428,0.11803166942367085,0.11289921808855655,0.2188338430173294,0.2254307577923345,0.10864967604080515,0.22898760680022162,0.2025110304165871,0.14522560302470636,0.15978552437573593,0.11670484673215617,0.13100497834758468,0.12551569323992223,0.13568152281476725,0.14562525232622814,0.15343266334928785,0.09244516728657164,0.13922551870007951,0.1555386113060969,0.12353230712428777,0.14016611385401267,0.13370784621617418,0.159405213948895,0.2347563818298734,0.18330117340286828,0.1652485200527678,0.2666224034168123,0.21457646303370664,0.1598961429847639,0.26574975550888774,0.12528461936712307,0.18906521739130444,0.175,0.20004028100413634,0.14441496258780384,0.16726173240710648,0.2046585185446092,0.24023982609682404,0.31331807780320375,0.1541676929211215,0.25827984870376386,0.15828484537396376,0.12774165580535235,0.17265908786799217,0.13640602237620547,0.2930909090909092,0.15710777125095107,0.15559517158000077,nan
45,0.1478017604129169,0.14867861518414183,0.19299793089227918,0.15462041822526779,0.15789007041124772,0.15048778962849035,0.3362391711036883,0.12415009047630243,0.11907205759472939,0.22816717635066275,0.2362741312863104,0.11295736834849748,0.2380016913072639,0.21043103041658712,0.15127823460365375,0.1663892979606416,0.12267359673215618,0.1373207678212689,0.13134093595836885,0.14272914186238633,0.1526822143515446,0.16166922248907278,0.09622565509144969,0.1459161661820939,0.1633481351156207,0.12998830712428777,0.14647020742126415,0.1393004388087668,0.1679766425203236,0.2465745636480552,0.19056167760454898,0.17835789505276778,0.277295670743545,0.22321843834234867,0.1677442442505867,0.27598646436964724,0.13247760182326343,0.19663043478260883,0.18199999999999997,0.21019901116286652,0.15074407651185448,0.1741935505889247,0.21284033672642746,0.252004531979177,0.3256710189796743,0.16089496564839426,0.26841683500513375,0.16536817870729711,0.1346861002497968,0.18035139556029986,0.14301713348731657,0.30464646464646483,0.16464201782629354,0.16221281863882428,nan
46,0.15522444082528802,0.1560000437555704,0.20099793089227916,0.16049028123896636,0.16539007041124767,0.1572963002667882,0.3519799118444289,0.130268511528934,0.12540117151878002,0.23750050968399605,0.2469884170005961,0.11726506065618979,0.24701577581430612,0.21835103041658707,0.15760850983301156,0.17299307154554724,0.12883488705473684,0.14370374654467313,0.1372232888995453,0.1497767609100054,0.15982965024898046,0.16990578162885772,0.0999908372776845,0.15265529661687652,0.17146694699680884,0.1364443071242878,0.1528489056461162,0.14492776800131338,0.17667229469423662,0.258392745466237,0.19782218180622962,0.1923412283861011,0.2879689380702776,0.23175502370820228,0.1756929621993046,0.2862231732304067,0.13986498921065083,0.20419565217391317,0.18899999999999995,0.22035774132159663,0.15699407651185449,0.18120504484179825,0.22102215490824564,0.2637692378615299,0.3377864035950589,0.16768395647408235,0.27855382130650364,0.17245151204063042,0.14182895739265394,0.18810333354479597,0.14981713348731657,0.3162020202020203,0.1722809067151824,0.16892923654927203,nan
47,0.162724440825288,0.16338743114295778,0.20834486966778934,0.166360144252665,0.17281864183981913,0.16410481090508608,0.3680176476934854,0.1363869325815656,0.13189467801228652,0.2468338430173294,0.25915057916275824,0.12150748489861402,0.2560298603213484,0.22627103041658703,0.16382472604922776,0.17965973821221393,0.13513159035144012,0.1502254856751079,0.14322328889954528,0.1558924633893442,0.1669315610770059,0.17814234076864266,0.10375601946391931,0.15949353191099416,0.17983429393558437,0.14284906902904965,0.1593039954664755,0.15059026800131334,0.18536794686814964,0.2703664296767632,0.20508268600791027,0.20817141706534636,0.2986422053970103,0.24029160907405597,0.1837449102512526,0.29645988209116614,0.14752854061252,0.2117608695652175,0.19599999999999992,0.23035774132159664,0.1632440765118545,0.18829806809761215,0.22920397309006382,0.27108631103226155,0.3499017882104435,0.174665088549554,0.2885538213065036,0.17963461063217973,0.14918189856912453,0.19591583354479597,0.15681713348731655,0.32775757575757586,0.1800273855884218,0.17585231347234895,nan
48,0.1703840152933731,0.17098002373555038,0.21652668784960752,0.17223000726636362,0.18046570066334855,0.17084165301034923,0.3843638015396393,0.14250535363419717,0.13851719456857792,0.2561671763506627,0.2713127413249204,0.12574990914103826,0.26504394482839067,0.23425490138432892,0.17004094226544403,0.1863905074429831,0.14149825701810678,0.15689215234177456,0.1493457378791371,0.162008165868683,0.17403347190503135,0.18629127693885542,0.10752120165015412,0.16638242079988305,0.18837596060225104,0.1492538309338115,0.1658373287998088,0.15628838120886054,0.1943231707487466,0.28234011388728947,0.21234319020959086,0.22602248089513358,0.30931547272374293,0.2501507640036334,0.19201157691791926,0.30738826046954454,0.15548970566106368,0.2193260869565219,0.20299999999999996,0.24035774132159665,0.1694940765118545,0.19547453868584744,0.237385791271882,0.27790449285044333,0.3620171728258281,0.1817804731649386,0.29869080760787337,0.186817709223729,0.1566445851362887,0.20378984929282745,0.16395713348731653,0.3393131313131314,0.18788452844556466,0.18288356347234894,nan
49,0.17821010224989484,0.17864357513741955,0.2247085060314257,0.17809987028006224,0.18850693777675062,0.17757849511561238,0.401030468206306,0.14858378500674618,0.14536650963707107,0.2655005096839961,0.28347490348708254,0.1299923333834625,0.27405802933543294,0.24243671956614712,0.17648954039628512,0.1931866239478375,0.14800962065447043,0.1637103341599564,0.1555313048894464,0.16807373963917482,0.18156725568881515,0.19444021310906817,0.11127120165015413,0.17332271930734575,0.19700753954961947,0.15565859283857342,0.17241049953151613,0.16202255842405042,0.20327839462934363,0.2943137980978157,0.2196036944112715,0.24509066271331537,0.3199887400504756,0.26015076400363346,0.20038995529629766,0.31831663884792294,0.1636897056610637,0.22689130434782623,0.20999999999999994,0.25035774132159666,0.1757440765118545,0.20282393627620887,0.24556760945370018,0.28672802226220806,0.3741325574412127,0.1890353751257229,0.3086908076078734,0.19400080781527831,0.1643368928285964,0.2117263572293354,0.1712428477730308,0.35086868686868694,0.1958555429383183,0.19014162798847795,nan
50,0.18621010224989482,0.1863794241940233,0.23289032421324388,0.18396973329376087,0.19630693777675062,0.18431533722087554,0.418030468206306,0.1546622163792952,0.15235951663007807,0.27483384301732944,0.2956370656492447,0.13423475762588677,0.28294691822432183,0.25082655007462173,0.1828198156256429,0.1999827404526919,0.15459582755102216,0.1706870783460029,0.1617813048894464,0.17413931340966665,0.18905047716532525,0.20258914927928093,0.11500614140919027,0.18031520051035327,0.20592058302788036,0.16206335474333533,0.17906482051917047,0.16779325906099307,0.21236930372025276,0.3062874823083421,0.2268641986129522,0.2650668531895058,0.3306620073772083,0.2701507640036335,0.2088831059812292,0.32924501722630134,0.17223137232773036,0.23445652173913056,0.21699999999999997,0.26035774132159667,0.1819940765118545,0.21026296066645278,0.2542423082488809,0.297072849848415,0.38624794205659735,0.19643537512572293,0.3186908076078734,0.20128652210099263,0.1722109085766279,0.2197263572293354,0.178758637246715,0.3624242424242425,0.20394377823243595,0.1975186771688058,nan
51,0.194391920431713,0.19418894800354713,0.2412624172364997,0.18979966526654998,0.20395399660028005,0.1910521793261387,0.43503046820630603,0.1607406477518442,0.15950237377293522,0.28416717635066274,0.30779922781140695,0.13847718186831104,0.2918358071132107,0.25936103283324247,0.18945443101025833,0.20684548555073107,0.16125861824869658,0.17782993548886009,0.16816428361285066,0.18020488718015848,0.19653369864183534,0.21073808544949368,0.11908508877761133,0.18741443715157463,0.21493157203886937,0.16908074604768325,0.18580232051917045,0.17360095136868542,0.22160007295102202,0.31826116651886843,0.23412470281463285,0.2850430436656962,0.34123063482818866,0.2801507640036335,0.21749421709234032,0.34017339560467985,0.18104857662880564,0.24202173913043495,0.22399999999999992,0.2703577413215967,0.1882440765118545,0.2177938248639837,0.2635929575995302,0.3074176774346219,0.3983633266719819,0.20391012260047042,0.32882779390924327,0.2086778264488187,0.18027542470566016,0.22779087335836765,0.18643605660155377,0.373979797979798,0.21227711156576928,0.20501867716880584,nan
52,0.20266778250067857,0.20215011305209082,0.2497330054717939,0.1956295972393391,0.21199523371368212,0.19778902143140184,0.4523774069818163,0.16681907912439323,0.1668553149494058,0.2935005096839961,0.319799227811407,0.14271960611073528,0.3007246960020996,0.2681220947801452,0.19590302914109942,0.21370823064877031,0.16808004682012517,0.1851470086595918,0.17461589651607648,0.1862704609506503,0.2043309014390382,0.21888702161970644,0.12314622414879037,0.194513673792796,0.2240426831499805,0.17609813735203103,0.19262510532929705,0.17952251999613644,0.23083084218179128,0.3302348507293948,0.24138520701631355,0.3045546715726731,0.3517992622791691,0.29015076400363354,0.22622661145853745,0.35110177398305836,0.19015968773991676,0.24965331807780336,0.23099999999999996,0.2803577413215967,0.19449407651185452,0.22541882486398368,0.27306664181005663,0.3177625050208288,0.41025011912481213,0.21153898857985187,0.33896478021061316,0.2160691307966448,0.18853988751557751,0.23598759466984306,0.19419692616677123,0.3855353535353536,0.22073865002730775,0.21264579581287368,nan
53,0.21113837073597275,0.21018932873836532,0.25800886754075947,0.2014595292121282,0.21987402159247002,0.207341260237372,0.47008574031514977,0.1728975104969423,0.174374111941887,0.3028338430173294,0.33247528414943517,0.14696203035315955,0.3096135848909885,0.2771220947801452,0.20229191802998836,0.22063892371807728,0.17506785169817402,0.19264700865959186,0.18120930310948313,0.19228672111325196,0.212128104236241,0.22938017230463792,0.12722517151721144,0.2016675199466422,0.23325616629604792,0.18311552865637887,0.19949134736751367,0.1855625199961365,0.24020584218179136,0.34220853493992115,0.2486457112179942,0.32362285339085484,0.36236788973014955,0.3001507640036336,0.23508375431568038,0.36203015236143665,0.1995849750962386,0.2572848970251718,0.238,0.2903577413215967,0.20074407651185452,0.23314034385132554,0.28254032602058304,0.3281073326070358,0.4221369115776424,0.2193284622640624,0.34896478021061317,0.22356913079664484,0.19694324886011533,0.2444621709410295,0.20221939807688358,0.39709090909090927,0.22933240002730781,0.22040441650252884,nan
54,0.2197097993074013,0.21830814061955345,0.26658029611218803,0.20728946118491737,0.22791525870587218,0.2166166225562126,0.48817084669812866,0.1789364715359034,0.18206641963419476,0.31216717635066277,0.34497528414943524,0.15120445459558385,0.31945973873714234,0.28637443122874334,0.20880135199225255,0.2276389237180773,0.18214192577224814,0.20024194536845263,0.187950876143191,0.19920260896371927,0.22044899975862908,0.2401689046990042,0.1316963253633653,0.20887682227222365,0.24246964944211535,0.19007242520810302,0.20644618607719115,0.19172578530225892,0.2497296517056009,0.3541822191504475,0.2559062154196749,0.34040285339085496,0.37293651718113,0.3100099189332111,0.24406926156205724,0.37281281902810337,0.20923203391976802,0.2651227348630097,0.24500000000000002,0.30020389516775053,0.20699407651185456,0.24096085667183845,0.29201401023110934,0.3384521601932427,0.43402370403047263,0.227371940524932,0.35910176651198306,0.23106913079664487,0.20556393851528781,0.25300917948803814,0.2105217236582789,0.4094718614718617,0.23806255875746662,0.22844013078824318,nan
55,0.22859868819629028,0.22650814061955346,0.27515172468361665,0.21311939315770653,0.2362131310462978,0.2258919848750532,0.5062559530811074,0.18497543257486448,0.18994043538222632,0.3215005096839961,0.3574752841494353,0.15544687883800812,0.32915670843411204,0.2958030026573148,0.21537278056368112,0.23463892371807735,0.189488079618402,0.20803415316066046,0.19484742786732895,0.20605446081557113,0.22870825901788835,0.25080779358789307,0.1361674792095192,0.2161424472722237,0.2515807605532265,0.1977581394938174,0.21349193771117808,0.19801745196892562,0.25940707106043964,0.366155903360974,0.2631667196213556,0.3559398904278921,0.38350514463211044,0.3198690738627886,0.25318690862088084,0.3835954856947701,0.21911155199205717,0.27303182577210067,0.25200000000000006,0.31005004901390437,0.21316691601802745,0.24888293459391644,0.30148769444163576,0.3487969877794496,0.4459104964833029,0.23559416274715425,0.36910176651198306,0.23868107109515235,0.21433586833984927,0.2616298691432106,0.2191241332968332,0.42215478830113007,0.24693352649940217,0.23662194897006142,nan
56,0.2377126122469232,0.23479096890238169,0.2839322124884947,0.21890993369824707,0.2447845596177263,0.23516734719389368,0.5247342139506724,0.1909754325748645,0.19800495151125852,0.33083384301732943,0.369804051272723,0.15968930308043236,0.3412321801322251,0.3051426252988242,0.2222727805636811,0.24170963078878438,0.19692963805996044,0.21603415316066038,0.20182417205337538,0.212906312667423,0.23696751827714757,0.26144668247678193,0.14061723997506942,0.223465281917893,0.2608989423714082,0.20544385377953164,0.22067860437784467,0.20435311630458988,0.26924313663421007,0.3781295875715002,0.2704272238230362,0.370659188673506,0.39407377208309075,0.329728228792366,0.2624406399641644,0.3943781523614367,0.2291115519920571,0.2810134771482474,0.259,0.3198962028600581,0.21933975552420024,0.25690925038339013,0.31096137865216206,0.3591418153656564,0.45931475180245174,0.24400325365624517,0.3791017665119831,0.24629301139365978,0.22334487734885822,0.27040179896777194,0.22783145037000382,0.43483771513039826,0.25566368522956084,0.24495528230339475,nan
57,0.24706326159757253,0.24315831584115713,0.2928211013773836,0.22470047423878756,0.25375007685910556,0.24444270951273428,0.5436231028395612,0.1969754325748645,0.20626941432117582,0.34016717635066274,0.38213281839601065,0.16393172732285657,0.35308403198407695,0.3144822479403336,0.22866166945256997,0.24885248793164147,0.20456963805996037,0.22425333124285207,0.20896702919623245,0.219695303493111,0.2456784557771476,0.2720855713656707,0.14506700074061965,0.230905281917893,0.27043382609233835,0.21312956806524588,0.2279135037067037,0.21073339799473073,0.2790792022079805,0.3901032717820265,0.27768772802471686,0.3848795276565568,0.4046423995340711,0.3395873837219434,0.27183457935810373,0.4060984422165092,0.23923500878218046,0.2890690327038029,0.266,0.32974235670621194,0.22703206321650787,0.2651524936266333,0.32043506286268836,0.36948664295186323,0.47271900712160075,0.25270913600918626,0.389101766511983,0.25402028412093247,0.23251918927546367,0.2792513564898958,0.2368694250535481,0.44752064195966645,0.26439384395971954,0.2534458483411306,nan
58,0.2565369458080988,0.25161192408857974,0.3019350254280165,0.2304910147793281,0.2629265474473408,0.25371807183157485,0.5629412846577431,0.2029754325748645,0.21467277566571363,0.34950050968399604,0.39576918203237416,0.16817415156528084,0.3649358838359288,0.32373458438893166,0.23592482734730677,0.25599534507449856,0.21241895312845352,0.2327040354682042,0.21628410236696416,0.22648429431879902,0.2543218666298607,0.28272446025455966,0.1499617375827249,0.2384662575276491,0.2800808849158677,0.22119956806524582,0.23519728749048752,0.21715892990962435,0.2887566215628192,0.4020769559925527,0.2849482322263974,0.3990998666396075,0.4152110269850515,0.3494465386515208,0.28137304089656523,0.4178187320715816,0.24948500878218038,0.2971998738252982,0.27299999999999996,0.3407768394648326,0.23484456321650787,0.2738667793409189,0.3297857122133377,0.37983147053807015,0.4870371889397825,0.2616247986597886,0.399101766511983,0.2617475568482052,0.2419531515396146,0.2883422655808049,0.246389425053548,0.46020356878893476,0.273264811701655,0.2622693777528952,nan
59,0.26626667553782857,0.26015359075524636,0.3111657946587857,0.23624269263167708,0.27243874256929196,0.26299343415041543,0.5827087265182083,0.2089754325748645,0.22336842783962668,0.3585327677485121,0.40940554566873777,0.1724165758077051,0.3767877356877806,0.3329869208375298,0.24303822940916242,0.2632118399198594,0.2204893756636648,0.2412754640396328,0.22378410236696417,0.2332732851444871,0.26289878970678376,0.2933633491434485,0.15483084753036888,0.24608920834732123,0.2899604029881568,0.2291113327711282,0.2425808491343231,0.22358446182451797,0.29859268713658976,0.4140506402030791,0.2922087364280781,0.4138191648852215,0.4257796544360319,0.35916876087374305,0.29121431073783505,0.4295390219266541,0.25986475561762334,0.30540742099510954,0.2799999999999999,0.3518113222234533,0.24265706321650787,0.2827073590510638,0.339136361563987,0.39017629812427707,0.5013553707579642,0.2707606011289244,0.409101766511983,0.26959371069435906,0.25156853615499924,0.2975165775074104,0.2561702469713562,0.47288649561820306,0.2821357794435905,0.27145305122228297,nan
60,0.2762666755378286,0.2687851697026147,0.320516444009435,0.24199437048402606,0.28183633293073773,0.272268796469256,0.6024761683786735,0.2149754325748645,0.23214035766418809,0.36766320253112084,0.42346804566873775,0.17659568028531702,0.38863958753963246,0.3422392572861279,0.250079045735693,0.2704283347652202,0.228675089949379,0.2500989934513975,0.2314764100592719,0.2400622759701752,0.2714757127837068,0.3040022380323373,0.15972558437247414,0.25371215916699336,0.2999604029881567,0.23702309747701056,0.2500669602454341,0.23005589039594654,0.3082701064914285,0.4260243244136053,0.3043777505125851,0.42935620192225854,0.4363482818870122,0.36889098309596524,0.301214310737835,0.4412593117817265,0.2703775761304438,0.31377280561049414,0.2869999999999999,0.36284580498207397,0.2504695632165079,0.2915479387612087,0.34848701091463635,0.400521125710484,0.5156735525761461,0.28012768973651936,0.419101766511983,0.2776889487895971,0.2613724577236267,0.30695053977156134,0.26622658499952523,0.4858864956182031,0.29115217288621337,0.28102751930738934,nan
61,0.28655238982354286,0.27750857395793377,0.330116444009435,0.24774604833637504,0.29158633293073777,0.2814116536121132,0.6222436102391387,0.22093697103640297,0.24114936667319709,0.37689397176189005,0.4373141995148916,0.180774784762929,0.4004914393914843,0.35166782871469937,0.25749840057440265,0.27772000143188685,0.23710156053761428,0.2591899025423066,0.23937114690137717,0.2468512667958633,0.27998716316538613,0.31449538871726884,0.1648922510391408,0.2613351099866655,0.3102104029881566,0.2454293474770106,0.2576585095412088,0.23666902908207796,0.31810617206519903,0.4378425062317872,0.3165467645970921,0.4451863906015038,0.4469169093379926,0.3800020942070763,0.3113782451640645,0.4529796016367989,0.2808903966432642,0.3223022173752,0.29399999999999993,0.37388028774069465,0.2582820632165079,0.3003885184713536,0.3578376602652857,0.4108659532966909,0.529991734394328,0.2896148692236989,0.429101766511983,0.28604960452730205,0.2713724577236267,0.316565924386946,0.27657441108648173,0.49888649561820314,0.3003188395528801,0.29102751930738935,nan
62,0.29729865848025927,0.28632577825900907,0.33997945770806515,0.25345938166970833,0.3015863329307378,0.29055451075497035,0.6424817054772337,0.2268605379153839,0.25040862593245633,0.3862273050952234,0.45116035336104554,0.18495388924054096,0.41212780302784796,0.36109640014327077,0.26483882610631754,0.2850884224845185,0.24578337871943245,0.26842067177307577,0.2473711469013771,0.2548947450567328,0.2888363695145926,0.32498853940220035,0.1700589177058075,0.2690851099866655,0.32085975363750724,0.25374893510587654,0.2653585095412088,0.2433307937879603,0.32827566359062266,0.449660688049969,0.3283823810354482,0.46132100598611925,0.457485536788973,0.3911132053181875,0.32206790033647836,0.4646998914918714,0.29153974729261484,0.33091607876133866,0.3009999999999999,0.38491477049931533,0.2660945632165079,0.3092290981814985,0.3674376602652857,0.4212107808828977,0.5443099162125097,0.299351711328962,0.43910176651198296,0.29484270797557793,0.2815765393562798,0.32636984595557345,0.2872311275043923,0.511886495618203,0.3094855062195467,0.3010275193073894,nan
63,0.30820774938935014,0.29523882173727,0.3498424714066953,0.2591727150030417,0.31171620306060793,0.301221177421637,0.6632134127943069,0.2327841047943648,0.25984258819660727,0.3956655073424144,0.46694982704525606,0.18913299371815293,0.42376416666421163,0.37061563091250155,0.27267973519722666,0.2925352309951568,0.25473650371943246,0.2777956717730758,0.2555903249835689,0.2628517343040447,0.29761589707364766,0.3354816900871319,0.17519703925276883,0.2769002360370857,0.33164922732171787,0.2623340414888553,0.2731701037441074,0.25009198781781106,0.3388019793800964,0.4614788698681509,0.3402179974738043,0.4774556213707346,0.46805416423995344,0.4022243164292987,0.33294509331893446,0.4764201813469439,0.30247308062594824,0.33961607876133865,0.3079999999999999,0.39576222812643397,0.2737868709088156,0.3180696778916434,0.3781839289220021,0.4315556084691046,0.5586280980306916,0.309351711328962,0.44910176651198297,0.30394985083272075,0.2919932060229465,0.33636984595557345,0.29821574288900765,0.5259405496722571,0.31880754011785184,0.3112547920346621,nan
64,0.31945774938935023,0.3043499328483812,0.3597054851053255,0.2648860483363751,0.3228590602034651,0.31188784408830367,0.6839451201113801,0.23870767167334567,0.2694579728119919,0.40510370958960545,0.4827393007294666,0.19331209819576484,0.4354005303005753,0.38022728139793854,0.28034640186389337,0.29998203950579516,0.26383174181467056,0.2874730911279145,0.26404102920892103,0.2707240747295766,0.3064651034228541,0.3459748407720635,0.18079944889132304,0.2847815919692891,0.34273030840279906,0.27101146084369404,0.2810965743323427,0.25695562418144746,0.3495162650943821,0.4732970516863327,0.35050371175951855,0.49359023675534996,0.47862279169093386,0.41333542754040986,0.34401652189036314,0.4881404712020164,0.31355416170702943,0.3484039575492175,0.3149999999999999,0.4066096857535526,0.28147917860112326,0.32704026612693754,0.3889301975787186,0.44190043605531154,0.5729462798488735,0.3194886976303319,0.459101766511983,0.31339429527716517,0.3026315038952869,0.3465739275882265,0.30973187192126567,0.5403849941167016,0.32829029873854143,0.3222304017907597,nan
65,0.3307077493893503,0.3135634159944487,0.3697054851053256,0.2705993816697084,0.33384497569642285,0.3223796473669922,0.7051951201113801,0.24463123855232655,0.2793589629110018,0.41464916413506003,0.4985287744136772,0.1974912026733768,0.44703689393693896,0.38983893188337554,0.288277436346652,0.3075089212262253,0.2732251844376214,0.29747309112791454,0.2727366813828341,0.2785964151551085,0.3156044476851493,0.356467991456995,0.1862064256355091,0.2928685484910282,0.35411919729168806,0.279879592711826,0.2890817595175279,0.26392485495067824,0.36042535600347303,0.4851152335045146,0.36078942604523295,0.5097248521399655,0.4891914191419143,0.42444653865152104,0.3552892491630905,0.5018472508630335,0.32494305059591844,0.357373029714166,0.3219999999999999,0.41745714338067125,0.2891714862934309,0.3361447437388779,0.3996764662354351,0.45224526364151846,0.5869462798488735,0.3297664754081097,0.469101766511983,0.3233942952771653,0.3135010691126782,0.3569905942548932,0.32163187192126586,0.5548294385611461,0.33793942154555906,0.3334804017907598,nan
66,0.34232065261515676,0.3227768991405162,0.3798463301757481,0.2762748783584502,0.3446783090297563,0.33287145064568074,0.7264451201113801,0.2505548054313074,0.28945997301201193,0.4243043365488532,0.5143182480978878,0.20160884973220036,0.45867325757330263,0.39954481423631666,0.29659068935870025,0.31511761687839923,0.2826186270605722,0.30781791871412145,0.28169190526343113,0.28646875558064044,0.3247437919474443,0.36696114214192654,0.19161340237969515,0.30109863698660344,0.3658334830059739,0.2886513318422608,0.2972484261841946,0.2710029799506783,0.37133444691256395,0.4969334153226964,0.3708359376731399,0.5247069949971085,0.4997600465928947,0.4355576497626322,0.36677073064457194,0.5155540305240505,0.3366573363102043,0.36643552971416604,0.3289999999999999,0.4283046010077899,0.29826239538434,0.34538716798130226,0.41042273489215153,0.4625900912277254,0.6009462798488735,0.34033790397953834,0.479101766511983,0.33380245854247154,0.32461218022378935,0.36762889212723365,0.33394221674885216,0.569686581418289,0.3477608501169877,0.34473040179075987,nan
67,0.3539335558409632,0.33199038228658373,0.3901320444614624,0.28195037504719195,0.3556642245227142,0.3433632539243693,0.7482399919062519,0.2564783723102883,0.2998766396786786,0.4340717784093183,0.5298354894771983,0.20572649679102392,0.4703096212096663,0.40925069658925795,0.3047083364175238,0.32272631253057316,0.2923304914673519,0.31834423450359517,0.2907828143543402,0.294258229264851,0.33419294448981723,0.3774542928268581,0.19698912492304776,0.30947701536498184,0.3777175409769885,0.2977187475725979,0.3055407338765023,0.27819345614115454,0.3824455580236751,0.5087515971408783,0.3808824493010469,0.5389273339801595,0.5103286740438752,0.44649514976263227,0.3784688438521192,0.5292608101850675,0.3485413942812189,0.3755934244510082,0.3359999999999999,0.4391520586349085,0.30719096681291147,0.35477178336591775,0.42116900354886794,0.4729349188139323,0.6179733068759006,0.3510625416606978,0.4892387528133529,0.3446535223722587,0.3359758165874257,0.37849845734462495,0.34669221674885226,0.5841310258627334,0.35776085011698777,0.35598040179075996,nan
68,0.36573683452948763,0.34120386543265113,0.4005668270701579,0.28774091558773246,0.36665014001567187,0.3538550572030577,0.7700348637011237,0.2623644482596554,0.31051493755101905,0.4438392202697834,0.5438979894771981,0.20984414384984748,0.4819459848460298,0.4190526767872777,0.3127315922314773,0.3304186202228808,0.3022098018121794,0.3290585202178809,0.30015781435434025,0.30204770294906147,0.3437228590197317,0.3879474435117896,0.2027655224385757,0.3179315608195273,0.3897763645064003,0.30668541423926454,0.31389732302378903,0.28555930979969113,0.39376631274065627,0.52056977895906,0.3909289609289538,0.5522447942976196,0.5208973014948555,0.4574326497626322,0.3903919207751961,0.5429675898460845,0.36078020025136814,0.3848487435999443,0.34299999999999986,0.44999951626202706,0.31628187590382056,0.36445432304845743,0.43175723884298545,0.4832797464001392,0.6350003339029274,0.3619448946018742,0.4996612880246204,0.355986855705592,0.3476037235641699,0.3896095684557361,0.35944221674885213,0.5985754703071777,0.3679460353021729,0.3675188633292214,nan
69,0.3777368345294876,0.35052204725083297,0.4111550623642755,0.2936923044766213,0.37865014001567177,0.3654914208394214,0.7918297354959953,0.26821350486342893,0.32126762572306206,0.45372157321095985,0.5596874631614085,0.21396179090867098,0.49358234848239346,0.42895267678727766,0.32125011074999577,0.3382837887622067,0.31226243339112664,0.3399676111269718,0.309835233709179,0.3098371766332719,0.35350356077411765,0.39829879486314085,0.2084710439109683,0.32654267193063835,0.40220060693064275,0.31585586878471905,0.3223855120001669,0.29317275517784236,0.40508706745763745,0.5322364456257266,0.40097547255686067,0.564767182357321,0.5314659289458358,0.46837014976263225,0.40279192077519604,0.5582260804121222,0.3733955848667528,0.3942035823096217,0.3499999999999998,0.4606661829286937,0.325210447332392,0.37429303272587666,0.44234547413710307,0.4936245739863461,0.6520273609299543,0.3731570158139953,0.5103859257057798,0.36784732082187105,0.35979884551538943,0.40097320481937243,0.3724240349306703,0.6134326131643205,0.3783233937927389,0.37968102549138344,nan
70,0.38994022435999603,0.35994733460715483,0.4219013310209919,0.2997703186610185,0.3902919310604478,0.37691999226799283,0.8141981565486268,0.27406256146720254,0.3323787368341732,0.4637215732109599,0.5752047045407188,0.2180794379674945,0.5050109199109649,0.4389526767872776,0.3296647448963372,0.3462383342167521,0.3224945762482694,0.35128836584395284,0.3198352337091789,0.31920426524086687,0.36337081741128574,0.4086501462144922,0.21417656538336097,0.3353162568362988,0.41501310693064275,0.3251317308536845,0.3309410675557225,0.301262040892128,0.4166255289960989,0.5439031122923932,0.4110219841847677,0.5769266026471762,0.5420345563968162,0.4793076497626322,0.415191920775196,0.5734845709781599,0.3864114578826258,0.4037640218700612,0.35699999999999976,0.47428320420528947,0.33413901876096347,0.38429303272587656,0.4529337094312207,0.5037940655117698,0.6700273609299542,0.38454163119861073,0.5212682786469562,0.37999017796472817,0.37229884551538944,0.41287796672413435,0.3858957330438779,0.6282897560214634,0.3889003168696619,0.3921810254913834,nan
71,0.4023540174634443,0.3693726219634767,0.4328104219300828,0.30602579311357325,0.40267288344140006,0.3881480624434314,0.8365665776012583,0.28026256146720246,0.34374237319780954,0.47372157321095987,0.5935720514794943,0.22219708502631805,0.5164394913395364,0.44895267678727757,0.3387436922647582,0.354377869100473,0.3329127580664511,0.3628268273824143,0.3300047252346025,0.3285713538484618,0.37341586245633074,0.41900149756584354,0.22025499675590993,0.3440898417419591,0.4280289799465158,0.33440759292265004,0.3396346159428193,0.30965092978101694,0.4286255289960988,0.5555697789590598,0.4210684958126746,0.5889123169328905,0.5526031838477966,0.4902451497626321,0.42784498199968574,0.5887430615441975,0.39963726433423874,0.4134306885367279,0.36399999999999977,0.48882865875074405,0.3430675901895349,0.3944596993925432,0.4635219447253383,0.5141388930979766,0.6880273609299543,0.3962876629446425,0.5323130547663593,0.3921330351075853,0.3851193583359023,0.42507308867535387,0.3998957330438779,0.6435838736685221,0.3996846305951522,0.405817389127747,nan
72,0.4149855964108127,0.37879790931979856,0.44388734500700583,0.3124213155016329,0.41505383582235245,0.39937613261887,0.8595395505742311,0.2864625614672025,0.3555070790801625,0.48384205513867073,0.6119393984182699,0.22625505604081075,0.5278680627681078,0.45905471760360406,0.34770473122579715,0.3626131632181201,0.3435238691775622,0.37459153326476713,0.3405310410240761,0.33782135384846174,0.3836452202544958,0.4293528489171948,0.22629395779487102,0.352946984599102,0.4408414799465158,0.34401473577979286,0.34839884358509576,0.31819809959233764,0.4411255289960987,0.5673879607772415,0.4311150074405816,0.6008980312186047,0.563171811298777,0.501014380531863,0.4402449819996857,0.6040015521102352,0.4133039310009054,0.42320596943560423,0.3709999999999998,0.5033741132961986,0.3519961616181064,0.4047986824433907,0.47411018001945593,0.5254596478149576,0.7060273609299543,0.40822314681561017,0.5436976701509746,0.40457205949782915,0.3984526916692356,0.4375730886753539,0.41446716161530645,0.659341449426098,0.41068463059515214,0.42033351816000514,nan
73,0.4278427392679555,0.38822319667612043,0.4551373450070058,0.31891373974405707,0.42805383582235246,0.4106042027943086,0.8825125235472041,0.29434391739940585,0.3675552718512468,0.4940859575776951,0.6303067453570452,0.23031302705530346,0.5392966341966793,0.46915675841993065,0.35756187408294005,0.37104689815787906,0.3543351899322792,0.38659153326476714,0.35144013193316703,0.34707135384846166,0.393874578052661,0.4397042002685462,0.232332918833832,0.36188929229140965,0.4538573529623888,0.3536218786369357,0.357382176918429,0.32699421609719204,0.4538914864429072,0.5793616449877678,0.4411615190684885,0.6127149326270555,0.5737404387497573,0.5137416532591357,0.4526449819996858,0.6212079350889587,0.42720223608565117,0.4329812503344806,0.3779999999999997,0.5179195678416532,0.3609247330466778,0.415315923822701,0.4850192709285468,0.5372243536973106,0.7235273609299542,0.4203542943565937,0.5552601701509745,0.4170110838880732,0.4121513218062219,0.4505601016623669,0.4293421616153064,0.6750990251836736,0.4219091203910706,0.43585075953931535,nan
74,0.4409336483588646,0.3976484840324423,0.4663873450070058,0.32566177124012013,0.4408407210682541,0.4218322729697472,0.9061236346583152,0.3022252733316093,0.3800552718512468,0.5044563279480655,0.6486740922958208,0.23437099806979622,0.5575823484823936,0.4793629439869409,0.3671452074162733,0.3795834835237327,0.3653544207015098,0.39909153326476715,0.3627608866501482,0.3563213538484617,0.4042951388003245,0.4497831476369672,0.24008291883383207,0.37091841850500196,0.46687322597826186,0.3632290214940786,0.3664410004478408,0.3361457312487071,0.46665744388971575,0.591658942285065,0.45120803069639553,0.6245318340355062,0.5843090662007377,0.5264689259864085,0.46504498199968575,0.6384143180676821,0.4413401671201339,0.4428676139708443,0.38499999999999973,0.5324650223871077,0.3698533044752493,0.4258331652020113,0.49743306403199505,0.5487628152357722,0.7410273609299542,0.4326876276899271,0.5671956540219423,0.42945010827831703,0.4264370360919362,0.4640736151758804,0.44486390074574117,0.6913490251836737,0.4333674537244039,0.4525174262059821,nan
75,0.45451855401924196,0.40707377138876416,0.4778159164355772,0.33262925091491685,0.45584072106825413,0.43544929424634293,0.9304093489440294,0.31004039938202954,0.39287578467175965,0.5150892393404706,0.6670414392345965,0.23842896908428898,0.5764058778941583,0.48967544398694085,0.3767285407496066,0.38833348352373276,0.37681442070150983,0.4118574907115757,0.3745255925325012,0.36865468718179506,0.4149141864193721,0.4598620950053881,0.24776886924705527,0.3800360655638256,0.4798890989941349,0.37344421136749634,0.3755765936681798,0.34558323124870705,0.4794234013365243,0.6042978311739539,0.4612545423243026,0.6360249847204378,0.5948776936517182,0.5391961987136813,0.4774449819996857,0.6556207010464056,0.45624925802922484,0.45286761397084435,0.39199999999999974,0.5470104769325622,0.37878187590382073,0.4365349195879762,0.5098468571354433,0.5603012767742338,0.7585273609299543,0.44523000057128304,0.5795289873552757,0.4418891326685609,0.4413624092262645,0.4781581222181339,0.460730567412408,0.7081232187320609,0.4450695813839783,0.46982511851367453,nan
76,0.4683647078653958,0.416499058745086,0.4896191951241018,0.339711895543016,0.4702851655126986,0.4490663155229387,0.954695063229744,0.3179217553142329,0.40603367940860174,0.5258584701097014,0.6854087861733718,0.24248694009878174,0.595229407305923,0.5000964966185198,0.38672854074960666,0.3973078424980917,0.38850829825253025,0.4249009689724453,0.3865255925325012,0.3809880205151284,0.4260641864193722,0.46994104237380924,0.25539182006672734,0.3893360655638255,0.4927015989941349,0.38392473084801587,0.384790268881855,0.3553251667325781,0.4924668795973939,0.617297831173954,0.4713010539522096,0.6473628225582757,0.6054463211026986,0.551923471440954,0.4898449819996858,0.672827084025129,0.47115834893831576,0.46298389304061166,0.3989999999999997,0.5615559314780167,0.3877104473323922,0.44742777673083334,0.5222606502388916,0.5718397383126954,0.7760273609299542,0.45821245671163396,0.5920713602366316,0.4543281570588049,0.4572354250992804,0.49265087584132233,0.4773352185751988,0.7248974122804478,0.45677170904355285,0.4878251185136744,nan
77,0.48221086171154975,0.4259243461014079,0.5016191951241019,0.3469746074074228,0.4862035328596374,0.46239964885627205,0.9796950632297438,0.3257368813646531,0.41992256829749064,0.5367675610187922,0.7037761331121474,0.2465449111132745,0.6140529367176877,0.5106284115121368,0.3971830862041521,0.40639875158900085,0.4004457982525304,0.4379444472333149,0.3990255925325012,0.3933213538484618,0.4380534337312001,0.48314793892553337,0.2630147708863995,0.39892369442980496,0.5055140989941349,0.3954533022765873,0.3941641819253333,0.36539183339924464,0.5058002129307273,0.6304862369710555,0.48134756558011665,0.65934853684399,0.616014948553679,0.5646507441682268,0.5022449819996857,0.6900334670038525,0.4866300470515233,0.4732191871582588,0.4059999999999997,0.575778153700239,0.39648237715695356,0.45851868582174243,0.5346744433423399,0.583378199851157,0.7935273609299542,0.47166700216617946,0.6048299809262868,0.46707815705880484,0.47362886772223123,0.5075762489756507,0.4947498527215404,0.7422307456137812,0.4687282307826832,0.5058251185136745,nan
78,0.4966108617115499,0.43534963345772976,0.5138225849546105,0.3544921512670719,0.5027992775404885,0.4757329821896054,1.0054526389873197,0.33361823729685647,0.43420828258320493,0.5479675610187923,0.722143480050923,0.2512115777799412,0.6418790236742095,0.5215075323912578,0.40813546715653315,0.4157320849223342,0.4126372876142327,0.4512777805666484,0.41206907079337096,0.409408310370201,0.45004268104302814,0.5001701611477557,0.2706377217060716,0.4087131681140154,0.5183265989941349,0.40698187370515876,0.40362032227621053,0.375805626502693,0.5191335462640608,0.6442741157589342,0.4913940772080237,0.6713342511297042,0.6265835760046594,0.5773780168954996,0.5146449819996858,0.7072398499825758,0.5027084784240723,0.4835763300154017,0.4129999999999997,0.5900003759224612,0.405254306981515,0.46960959491265164,0.5470882364457883,0.5949166613896187,0.8110273609299543,0.4853707058698832,0.6180442666405725,0.47982815705880477,0.4905780202646041,0.5234492648486666,0.5125998527215403,0.7601617800965397,0.4809504530049055,0.5238251185136746,nan
79,0.5113047392625703,0.4447749208140517,0.526454163901979,0.36228306035798097,0.5213707061119173,0.4890663155229388,1.0320151389873196,0.34468966586828514,0.4489141649361461,0.5593189123701436,0.7446434800509232,0.2561238584816956,0.6697051106307312,0.5328868427360854,0.4189167171565332,0.4251915443817937,0.42482877697593496,0.4649141442030121,0.4254024041267043,0.42549526689194017,0.4641566050936612,0.5171923833699781,0.27819869731582775,0.41850264179822605,0.5313424720100081,0.4183480708882574,0.41342032227621067,0.38659134078840734,0.5334192605497752,0.6584928657589342,0.5014405888359307,0.6833199654154185,0.6371522034556399,0.5901052896227724,0.5270449819996859,0.7371917018344281,0.5194431723016235,0.4940582577262451,0.4199999999999997,0.6042225981446835,0.4140262368060764,0.48090589120894806,0.5592916262762968,0.6064551229280803,0.8410273609299544,0.49960147510065245,0.6317479703442763,0.4939948237254716,0.508435163121747,0.5398427074716174,0.5313893264057508,0.7787332086679684,0.49317267522712765,0.5425751185136748,nan
80,0.5263047392625704,0.4542002081703736,0.5395450729928881,0.37029240615237347,0.5418970219013912,0.5023996488562721,1.060348472320653,0.3558944851453935,0.46406568008766125,0.5708257616852122,0.7671434800509234,0.26140687734962015,0.697531197587253,0.5452618427360856,0.4308132688806711,0.4347805854776841,0.4375621103092683,0.4788676325751051,0.439038767763068,0.44123994774300407,0.4768270596391158,0.5350063368583501,0.288532030649161,0.42850264179822595,0.5443583450258812,0.4303928470076604,0.4236869889428774,0.3977765259735924,0.5477049748354895,0.6844928657589345,0.5114871004638377,0.6964293404154185,0.6477208309066204,0.6028325623500452,0.5394449819996859,0.7671435536862805,0.5372692592581454,0.504798998466986,0.4269999999999997,0.618768052690138,0.4312676161164212,0.49286667552267366,0.5714950161068054,0.617993584466542,0.8710273609299546,0.5141112790222211,0.6457102344952198,0.5128837126143607,0.5269536816402655,0.5567918600139903,0.5537018264057512,0.7979924679272278,0.5051291969662581,0.5630296639682204,nan
